ViewYN,PoolPrivateYN,CloseDate,ClosePrice,Latitude,Longitude,LivingArea,CountyOrParish,AttachedGarageYN,ParkingTotal,LotSizeAcres,YearBuilt,BathroomsTotalInteger,City,BedroomsTotal,ContractStatusChangeDate,PurchaseContractDate,ListingContractDate,FireplaceYN,Stories,LotSizeArea,MainLevelBedrooms,NewConstructionYN,GarageSpaces,PostalCode,LotSizeSquareFeet
False,False,2025-02-11,875000.0,32.76537972,-117.04348629999998,2340.0,San Diego,True,6.0,,2021.0,4.0,La Mesa,4.0,2025-02-11,2021-01-25,2021-01-05,False,1.0,,,False,2.0,91942,
False,False,2025-02-14,875000.0,32.76503815,-117.0435681,2165.0,San Diego,True,4.0,,2021.0,4.0,La Mesa,5.0,2025-02-14,2021-01-14,2021-01-05,False,1.0,,,False,2.0,91942,
False,False,2025-02-18,849000.0,32.76503141,-117.04325177,2158.0,San Diego,True,4.0,,2021.0,3.0,La Mesa,4.0,2025-02-18,2021-01-25,2020-10-22,False,1.0,,,False,2.0,91942,
True,False,2025-02-28,1100000.0,33.724000000000004,-118.294924,2545.0,Los Angeles,False,3.0,0.1033,1962.0,3.0,San Pedro,4.0,2025-02-28,2025-01-10,2024-11-18,True,2.0,4501.0,4.0,False,2.0,90731,4501.0
,False,2025-02-28,760000.0,37.68755592,-122.15011398,1692.0,Alameda,True,2.0,0.1157,1950.0,2.0,San Leandro,4.0,2025-02-28,2025-02-28,2025-02-28,True,1.0,5040.0,,False,2.0,94579,5040.0
False,,2025-02-28,1325000.0,36.60425295,-121.6993337,2051.0,Monterey,True,2.0,0.207,1965.0,3.0,Salinas,5.0,2025-02-28,2025-02-28,2025-02-28,True,1.0,9015.0,,False,2.0,93908,9015.0
False,True,2025-02-26,4750000.0,33.637536,-117.895599,3746.0,Orange,True,4.0,0.3489,1959.0,5.0,Newport Beach,6.0,2025-02-26,2025-01-31,2024-12-20,True,1.0,15200.0,5.0,False,4.0,92660,15200.0
True,True,2025-02-28,2200000.0,33.636362,-116.23391399999998,4168.0,Riverside,True,3.0,0.39,2005.0,6.0,La Quinta,4.0,2025-02-28,2025-02-28,2025-02-28,True,1.0,16988.0,,False,3.0,92253,16988.0
False,False,2025-02-28,1067500.0,33.874505,-118.345321,1344.0,Los Angeles,False,2.0,0.1256,1952.0,2.0,Torrance,3.0,2025-02-28,2025-02-28,2025-02-27,False,1.0,5469.0,3.0,False,2.0,90504,5469.0
True,,2025-02-28,5335000.0,34.012865000000005,-118.457218,3902.0,Los Angeles,False,2.0,0.1653,2019.0,5.0,Santa Monica,5.0,2025-02-28,2025-01-30,2025-01-29,True,2.0,7200.0,,False,2.0,90405,7200.0
True,False,2025-02-28,1784000.0,37.82355406,-121.98444563,1615.0,Contra Costa,True,2.0,0.3444,1956.0,2.0,Danville,3.0,2025-02-28,2025-02-28,2025-02-28,True,1.0,15004.0,,False,2.0,94526,15004.0
False,,2025-02-28,1800000.0,36.97821463,-122.04182225,1842.0,Santa Cruz,True,2.0,0.213,1954.0,2.0,Santa Cruz,3.0,2025-02-28,2025-02-28,2025-02-28,True,1.0,9278.0,,False,2.0,95060,9278.0
True,False,2025-02-28,1300000.0,34.220040999999995,-118.816482,2248.0,Ventura,,2.0,0.0516,1995.0,3.0,Thousand Oaks,4.0,2025-02-28,2025-02-28,2025-02-28,True,2.0,2248.0,,,2.0,91362,2248.0
True,False,2025-02-27,2250000.0,33.783475,-118.067771,3592.0,Orange,True,2.0,0.1052,2001.0,4.0,Seal Beach,6.0,2025-02-27,2025-02-27,2025-02-26,True,2.0,4581.0,1.0,False,2.0,90740,4581.0
True,False,2025-02-28,492900.0,34.450928999999995,-117.397941,1604.0,San Bernardino,True,2.0,0.1663,2024.0,2.0,Victorville,3.0,2025-02-28,2025-02-17,2025-02-03,False,1.0,7242.0,3.0,True,2.0,92392,7242.0
,False,2025-02-28,1225000.0,37.90981549,-121.59206861,2217.0,Contra Costa,True,2.0,0.1598,1985.0,2.0,Discovery Bay,3.0,2025-02-28,2025-02-28,2025-02-28,True,1.0,6960.0,,False,2.0,94505,6960.0
True,False,2025-02-27,1900000.0,33.099504,-117.274197,2510.0,San Diego,True,3.0,0.2,1997.0,3.0,Carlsbad,4.0,2025-02-27,2025-02-13,2025-01-14,True,2.0,0.2,1.0,False,3.0,92011,8712.0
True,False,2025-02-27,2230000.0,34.146373,-117.955365,3439.0,Los Angeles,True,3.0,0.6818,2013.0,4.0,Bradbury,4.0,2025-02-27,2025-01-29,2025-01-20,True,1.0,29700.0,4.0,False,3.0,91008,29700.0
True,True,2025-02-27,1650000.0,33.839013,-117.825628,2240.0,Orange,True,2.0,0.1877,1974.0,2.0,Anaheim,3.0,2025-02-27,2025-02-27,2025-02-27,True,1.0,8176.0,3.0,False,2.0,92807,8176.0
False,False,2025-02-27,1900000.0,33.01629862,-117.14712365,2465.0,San Diego,True,4.0,,2008.0,3.0,San Diego,4.0,2025-02-27,2025-02-09,2025-01-06,False,2.0,,,False,2.0,92127,
,False,2025-02-14,1300000.0,37.7767655,-122.26468482,1524.0,Alameda,True,1.0,0.0459,1914.0,2.0,Alameda,3.0,2025-02-14,2025-01-11,2025-01-11,True,2.0,2000.0,,False,1.0,94501,2000.0
False,False,2025-02-27,628000.0,34.135757,-117.862168,924.0,Los Angeles,True,1.0,0.2664,1914.0,2.0,Glendora,3.0,2025-02-27,2025-02-27,2025-02-27,True,1.0,11604.0,3.0,False,1.0,91741,11604.0
False,False,2025-02-27,755000.0,34.192415000000004,-118.499727,1418.0,Los Angeles,True,2.0,0.1487,1950.0,2.0,Van Nuys,3.0,2025-02-27,2025-02-27,2025-02-27,True,1.0,6476.0,3.0,False,2.0,91406,6476.0
False,False,2025-02-27,525000.0,34.652991,-120.441707,1617.0,Santa Barbara,True,2.0,0.14,1959.0,2.0,Lompoc,3.0,2025-02-27,2025-02-27,2024-11-24,False,1.0,6098.0,,,2.0,93436,6098.0
False,True,2025-02-28,3093000.0,33.64093,-117.899954,2123.0,Orange,True,2.0,0.1678,1959.0,3.0,Newport Beach,4.0,2025-02-28,2025-02-27,2025-02-27,True,2.0,7310.0,3.0,False,2.0,92660,7310.0
True,True,2025-02-27,4500000.0,33.776495000000004,-117.796739,7724.0,Orange,False,2.0,41818.0,1927.0,,North Tustin,5.0,2025-02-27,2025-02-27,2024-10-20,True,1.0,41818.0,5.0,False,2.0,92705,1821592080.0
True,,2025-02-27,1600000.0,34.137003,-118.366283,1501.0,Los Angeles,False,2.0,0.1854,1949.0,2.0,Studio City,2.0,2025-02-27,2025-02-26,2025-02-26,True,1.0,8076.0,,False,2.0,91604,8076.0
True,True,2025-02-28,3950000.0,34.149264,-118.651467,5182.0,Los Angeles,True,6.0,0.7942,1988.0,5.0,Calabasas,4.0,2025-02-28,2025-01-12,2025-01-11,True,2.0,34595.0,,False,3.0,91302,34595.0
False,,2025-02-21,1399000.0,36.38779619,-121.60420415,2100.0,Monterey,False,10.0,10.01,1988.0,3.0,Carmel Valley,4.0,2025-02-21,2025-02-27,2025-02-21,True,1.0,436036.0,,False,0.0,93924,436036.0
False,True,2025-02-26,3995000.0,34.16761,-118.416244,5435.0,Los Angeles,True,0.0,0.2928,2003.0,6.0,Sherman Oaks,5.0,2025-02-26,2025-02-25,2025-02-25,True,2.0,12754.0,,False,0.0,91401,12754.0
False,False,2025-02-26,3180000.0,33.894356,-118.402601,1890.0,Los Angeles,True,4.0,0.1162,1961.0,2.0,Manhattan Beach,4.0,2025-02-26,2025-02-26,2025-02-26,True,1.0,5060.0,,False,4.0,90266,5060.0
False,False,2025-02-26,706200.0,33.52195586,-117.12606872,2062.0,Riverside,,7.0,0.52,1976.0,2.0,Temecula,4.0,2025-02-26,2025-01-27,2024-12-27,True,1.0,22651.0,,False,2.0,92591,22651.0
True,False,2025-02-27,1555000.0,33.358125,-117.175858,3556.0,San Diego,True,3.0,2.53,2002.0,4.0,Fallbrook,4.0,2025-02-27,2025-01-15,2025-01-15,True,1.0,110207.0,4.0,False,3.0,92028,110207.0
False,False,2025-02-26,1825000.0,34.162236,-118.114491,3350.0,Los Angeles,True,2.0,0.4548,1920.0,2.0,Pasadena,5.0,2025-02-26,2025-02-26,2025-02-25,True,2.0,19809.0,2.0,False,2.0,91104,19809.0
False,,2025-02-26,2695000.0,37.3326117,-121.98283358,1571.0,Santa Clara,True,2.0,0.1731,1963.0,2.0,Santa Clara,3.0,2025-02-26,2025-02-26,2025-02-26,True,1.0,7540.0,,False,2.0,95051,7540.0
False,,2025-02-26,2500000.0,34.160672,-118.47866299999998,2784.0,Los Angeles,True,2.0,0.568,1951.0,3.0,Encino,5.0,2025-02-26,2025-02-24,2025-02-24,True,1.0,24743.0,,False,2.0,91436,24743.0
True,False,2025-02-26,3430000.0,34.136602,-118.886665,3758.0,Ventura,,2.0,0.0863,2000.0,4.0,Thousand Oaks,4.0,2025-02-26,2025-02-26,2025-02-26,True,2.0,3758.0,,,2.0,91361,3758.0
False,True,2025-02-24,1225000.0,33.879755,-117.789933,2496.0,Orange,True,2.0,0.1578,1970.0,3.0,Yorba Linda,4.0,2025-02-24,2025-01-16,2024-11-20,True,1.0,6875.0,3.0,False,2.0,92886,6875.0
False,False,2025-02-28,1800000.0,34.120926000000004,-118.163543,1829.0,Los Angeles,False,2.0,0.1247,1928.0,3.0,South Pasadena,3.0,2025-02-28,2025-02-26,2025-02-26,True,2.0,5433.0,,,2.0,91030,5433.0
False,False,2025-02-26,1400000.0,34.165344,-118.53981,1886.0,Los Angeles,True,2.0,0.155,1951.0,2.0,Tarzana,3.0,2025-02-26,2025-01-26,2025-01-26,True,1.0,6752.0,1.0,False,2.0,91356,6752.0
False,True,2025-02-26,2125000.0,34.147242,-118.496267,2080.0,Los Angeles,True,6.0,0.3433,1954.0,3.0,Encino,3.0,2025-02-26,2025-02-11,2025-02-03,True,1.0,14952.0,1.0,False,2.0,91436,14952.0
True,False,2025-02-24,580000.0,34.088635,-117.656977,1751.0,San Bernardino,True,2.0,0.1866,1965.0,2.0,Upland,4.0,2025-02-24,2025-02-04,2025-01-31,True,1.0,8127.0,4.0,False,2.0,91786,8127.0
True,False,2025-02-27,1900000.0,34.149733000000005,-118.845902,2396.0,Ventura,True,2.0,1.25,1971.0,3.0,Westlake Village,4.0,2025-02-27,2025-02-16,2025-02-15,True,2.0,54450.0,1.0,False,2.0,91361,54450.0
True,False,2025-02-26,1700000.0,33.893066,-118.3841,1054.0,Los Angeles,True,2.0,0.1147,1952.0,1.0,Manhattan Beach,3.0,2025-02-26,2025-02-26,2025-01-29,True,1.0,4995.0,3.0,False,2.0,90266,4995.0
True,True,2025-02-26,940000.0,33.73716,-117.943713,1809.0,Orange,True,2.0,0.1376,1963.0,2.0,Santa Ana,4.0,2025-02-26,2025-01-16,2025-01-10,True,1.0,5996.0,1.0,False,2.0,92704,5996.0
True,,2025-02-24,3150000.0,36.51520816,-121.80098503,3487.0,Monterey,True,2.0,0.56,1995.0,3.0,Carmel,4.0,2025-02-24,2025-02-25,2025-02-24,True,1.0,24394.0,,False,2.0,93923,24394.0
True,,2025-02-28,3975000.0,34.018989000000005,-118.430147,4133.0,Los Angeles,True,0.0,0.1626,2018.0,5.0,Los Angeles,4.0,2025-02-28,2025-02-25,2025-02-25,True,2.0,7083.0,,False,0.0,90066,7083.0
False,False,2025-02-26,950000.0,32.7602787,-117.0559028,1585.0,San Diego,,7.0,0.1653,1946.0,2.0,San Diego,3.0,2025-02-26,2025-01-27,2025-01-23,False,1.0,7200.0,,False,2.0,92115,7200.0
,False,2025-02-25,1900000.0,37.65544697,-121.89715947,3105.0,Alameda,True,2.0,0.0575,2016.0,4.0,Pleasanton,3.0,2025-02-25,2025-02-25,2025-02-25,True,1.0,2503.0,,False,2.0,94566,2503.0
False,False,2025-02-21,855000.0,32.94963648,-117.05589057,1598.0,San Diego,True,4.0,,1961.0,2.0,Poway,3.0,2025-02-21,2025-02-12,2025-01-24,False,1.0,,,False,2.0,92064,
True,False,2025-02-24,1820000.0,33.707964000000004,-117.74608700000002,1729.0,Orange,True,2.0,0.0803,2013.0,3.0,Irvine,3.0,2025-02-24,2025-02-07,2025-02-01,False,2.0,3500.0,0.0,False,2.0,92620,3500.0
True,True,2025-02-24,975000.0,33.750772,-116.424472,3287.0,Riverside,True,4.0,0.01,1964.0,4.0,Rancho Mirage,3.0,2025-02-24,2025-02-24,2025-02-24,True,1.0,436.0,,False,2.0,92270,436.0
False,True,2025-02-24,1550000.0,34.249709,-118.548623,2768.0,Los Angeles,True,2.0,0.3332,1962.0,4.0,Northridge,5.0,2025-02-24,2025-02-01,2025-02-01,True,1.0,14513.0,5.0,False,2.0,91324,14513.0
True,False,2025-02-21,843000.0,35.3866,-120.852029,1500.0,San Luis Obispo,True,2.0,0.1286,1952.0,2.0,Morro Bay,3.0,2025-02-21,2025-01-20,2024-11-23,False,2.0,5600.0,2.0,False,2.0,93442,5600.0
True,,2025-02-24,3100000.0,34.133896,-118.490275,2688.0,Los Angeles,,4.0,0.2732,1958.0,4.0,Encino,4.0,2025-02-24,2025-02-24,2025-01-25,True,1.0,11899.0,,False,4.0,91436,11899.0
True,True,2025-02-21,1400000.0,39.041189,-122.753269,4271.0,Lake,True,7.0,0.41,1990.0,5.0,Lucerne,5.0,2025-02-21,2025-01-28,2025-01-28,True,2.0,17860.0,4.0,False,3.0,95458,17860.0
False,,2025-02-21,8120000.0,37.36320467,-122.10757239,5000.0,Santa Clara,True,2.0,0.5824,2025.0,6.0,Los Altos,5.0,2025-02-21,2025-02-23,2025-02-21,True,1.0,25370.0,,False,2.0,94024,25370.0
True,False,2025-02-21,4924000.0,33.62429,-117.854267,3413.0,Orange,True,2.0,0.1373,1969.0,5.0,Newport Beach,5.0,2025-02-21,2025-01-18,2024-01-18,True,2.0,5980.0,0.0,False,2.0,92660,5980.0
True,False,2025-02-21,877500.0,33.08540103,-117.03901393,2300.0,San Diego,,8.0,0.6,1977.0,2.0,Escondido,4.0,2025-02-21,2025-02-21,2025-02-22,False,1.0,26136.0,,False,2.0,92025,26136.0
True,True,2025-02-20,1715000.0,34.17505,-118.399965,2538.0,Los Angeles,,0.0,0.1556,1948.0,4.0,Valley Village,4.0,2025-02-20,2025-02-20,2025-02-20,True,1.0,6780.0,4.0,False,0.0,91607,6780.0
False,,2025-02-28,1125000.0,37.39000323,-121.82476205,1498.0,Santa Clara,False,2.0,0.2388,1946.0,2.0,San Jose,3.0,2025-02-28,2025-02-23,2025-02-22,False,1.0,10403.0,,False,2.0,95127,10403.0
,False,2025-02-21,485000.0,38.01385784,-121.89385495,1502.0,Contra Costa,True,1.0,0.1033,1956.0,2.0,Pittsburg,3.0,2025-02-21,2025-02-21,2025-02-21,True,1.0,4500.0,,False,1.0,94565,4500.0
False,False,2025-02-28,685000.0,32.58152289,-117.07294731,1780.0,San Diego,True,4.0,,1970.0,3.0,San Diego,4.0,2025-02-28,2025-02-17,2025-01-31,False,1.0,,,False,2.0,92154,
True,False,2025-02-13,575000.0,32.685428,-117.052113,1702.0,San Diego,True,2.0,0.2135,1966.0,2.0,San Diego,3.0,2025-02-13,2025-02-03,2025-01-27,False,1.0,9300.0,,,2.0,92139,9300.0
False,True,2025-02-20,1840000.0,33.737656,-117.771829,2287.0,Orange,True,2.0,0.0919,1997.0,3.0,Irvine,4.0,2025-02-20,2025-02-20,2025-02-20,True,2.0,4005.0,1.0,False,2.0,92602,4005.0
False,False,2025-02-26,3800000.0,33.05426396,-117.29798373,2385.0,San Diego,,4.0,0.0938,1993.0,3.0,Encinitas,4.0,2025-02-26,2025-02-20,2025-02-20,False,2.0,4087.0,,False,2.0,92024,4087.0
False,False,2025-02-20,3200000.0,33.900809,-118.400145,3509.0,Los Angeles,True,2.0,0.1066,2001.0,4.0,Manhattan Beach,5.0,2025-02-20,2025-01-25,2024-12-16,True,1.0,4645.0,1.0,False,2.0,90266,4645.0
True,False,2025-02-27,793500.0,34.109167,-117.652312,1419.0,San Bernardino,False,2.0,0.2355,1955.0,2.0,Upland,3.0,2025-02-27,2025-02-23,2025-02-19,True,1.0,10260.0,3.0,False,2.0,91786,10260.0
True,False,2025-02-19,745000.0,33.742156,-118.296143,1073.0,Los Angeles,False,2.0,0.1144,1959.0,2.0,San Pedro,3.0,2025-02-19,2025-01-21,2025-01-19,False,1.0,4984.0,3.0,False,2.0,90731,4984.0
False,False,2025-02-20,2650000.0,32.68804811,-117.18452191,1164.0,San Diego,True,4.0,,1934.0,2.0,Coronado,3.0,2025-02-20,2025-02-20,2025-02-20,False,1.0,,,False,2.0,92118,
True,False,2025-02-21,2800000.0,34.180607,-119.22753,3019.0,Ventura,,2.0,0.11,1972.0,4.0,Oxnard,4.0,2025-02-21,2025-02-20,2025-02-20,True,2.0,4791.0,,,2.0,93035,4791.0
False,False,2025-02-27,675000.0,34.063505,-117.903249,1840.0,Los Angeles,False,6.0,0.2095,1956.0,2.0,West Covina,3.0,2025-02-27,2025-02-14,2025-02-07,True,1.0,9126.0,1.0,False,2.0,91791,9126.0
False,,2025-02-20,1080000.0,34.181047,-118.43161,1906.0,Los Angeles,False,2.0,0.1358,1955.0,2.0,Valley Glen,4.0,2025-02-20,2025-02-19,2025-02-01,True,1.0,5914.0,,False,2.0,91401,5914.0
False,,2025-02-19,2180000.0,37.28652817,-121.92297615,2608.0,Santa Clara,True,2.0,0.2379,1962.0,3.0,Campbell,3.0,2025-02-19,2025-02-20,2025-02-19,True,1.0,10362.0,,False,2.0,95008,10362.0
True,True,2025-02-20,2418000.0,34.147043,-118.358265,2621.0,Los Angeles,False,2.0,0.2481,1937.0,4.0,Toluca Lake,3.0,2025-02-20,2025-01-30,2025-01-23,True,1.0,10807.0,3.0,False,2.0,91602,10807.0
True,,2025-02-20,2237500.0,37.45666244,-122.26827926,1800.0,San Mateo,True,2.0,0.1609,1986.0,3.0,Redwood City,3.0,2025-02-20,2025-02-20,2025-02-20,True,1.0,7008.0,,False,2.0,94062,7008.0
False,,2025-02-21,917000.0,37.47484945,-122.13778475,1530.0,San Mateo,True,2.0,0.1148,1952.0,2.0,East Palo Alto,3.0,2025-02-21,2025-02-19,2025-02-19,True,1.0,5000.0,,False,2.0,94303,5000.0
False,False,2025-02-24,365000.0,33.690832,-117.374924,1120.0,Riverside,True,1.0,0.13,1977.0,2.0,Lake Elsinore,3.0,2025-02-24,2025-01-30,2025-01-08,False,1.0,5663.0,3.0,False,1.0,92530,5663.0
False,False,2025-02-19,2430000.0,33.05753627,-117.23919478,3016.0,San Diego,True,7.0,0.4722,1981.0,3.0,Encinitas,4.0,2025-02-19,2025-02-18,2025-02-18,False,2.0,20569.0,,False,3.0,92024,20569.0
False,False,2025-02-19,940000.0,33.792607000000004,-118.120476,941.0,Los Angeles,False,1.0,0.1381,1949.0,1.0,Long Beach,2.0,2025-02-19,2025-02-19,2025-02-19,False,1.0,6014.0,2.0,False,1.0,90815,6014.0
False,False,2025-02-28,700000.0,32.70981125,-116.80077847,2084.0,San Diego,,13.0,9.31,1991.0,3.0,Jamul,4.0,2025-02-28,2025-01-23,2025-01-16,False,2.0,9.31,,False,3.0,91935,405543.6
False,,2025-02-19,3135000.0,37.58141345,-122.3762462,2330.0,San Mateo,True,2.0,0.1377,1933.0,3.0,Burlingame,3.0,2025-02-19,2025-02-19,2025-02-19,True,1.0,6000.0,,False,2.0,94010,6000.0
,False,2025-02-19,1300000.0,37.8086315,-122.22889545,1336.0,Alameda,True,2.0,0.1148,1955.0,2.0,Oakland,3.0,2025-02-19,2025-02-19,2025-02-19,True,1.0,5000.0,,False,2.0,94610,5000.0
False,True,2025-02-19,950000.0,33.800723,-117.979402,1514.0,Orange,True,2.0,0.2017,1957.0,3.0,Garden Grove,3.0,2025-02-19,2025-01-24,2025-01-16,True,1.0,8787.0,3.0,False,2.0,92841,8787.0
False,False,2025-02-19,3850000.0,34.004517,-118.440649,3763.0,Los Angeles,,1.0,0.1349,2015.0,5.0,Los Angeles,4.0,2025-02-19,2025-02-19,2025-02-19,True,1.0,5876.0,,False,1.0,90066,5876.0
False,False,2025-02-28,585000.0,33.934453999999995,-118.18038500000002,1239.0,Los Angeles,False,2.0,0.1373,1946.0,2.0,South Gate,3.0,2025-02-28,2025-02-20,2025-02-19,True,1.0,5979.0,3.0,False,2.0,90280,5979.0
True,False,2025-02-19,850000.0,33.975916,-118.31654,2249.0,Los Angeles,,0.0,0.1095,1929.0,3.0,Los Angeles,5.0,2025-02-19,2025-02-19,2025-02-19,True,1.0,4771.0,5.0,False,0.0,90047,4771.0
True,False,2025-02-19,3600000.0,37.49368847,-122.26143302,2380.0,San Mateo,True,2.0,0.1622,2014.0,4.0,San Carlos,4.0,2025-02-19,2025-02-08,2025-02-01,True,1.0,7065.0,,False,2.0,94070,7065.0
False,,2025-02-18,1525000.0,37.38092946,-121.84762722,2124.0,Santa Clara,True,2.0,0.1377,1972.0,3.0,San Jose,4.0,2025-02-18,2025-02-18,2025-02-18,True,1.0,6000.0,,False,2.0,95133,6000.0
True,,2025-02-24,2500000.0,34.160112,-118.353642,3107.0,Los Angeles,,2.0,0.1292,1938.0,6.0,North Hollywood,5.0,2025-02-24,2025-02-18,2025-02-18,True,2.0,5628.0,,True,2.0,91601,5628.0
False,False,2025-02-25,450000.0,33.508990999999995,-117.112872,1636.0,Riverside,True,2.0,0.19,1988.0,3.0,Temecula,3.0,2025-02-25,2025-02-17,2025-02-08,True,2.0,8276.0,0.0,False,2.0,92592,8276.0
True,False,2025-02-21,3600000.0,34.030165999999994,-117.855539,6378.0,Los Angeles,True,4.0,0.9423,2024.0,7.0,Walnut,6.0,2025-02-21,2025-02-17,2025-02-16,True,2.0,41048.0,2.0,True,4.0,91789,41048.0
True,False,2025-02-18,1750000.0,33.666173,-117.816628,2419.0,Orange,True,2.0,0.1492,1972.0,3.0,Irvine,5.0,2025-02-18,2025-01-20,2024-12-19,True,1.0,6500.0,5.0,False,2.0,92612,6500.0
False,False,2025-02-10,1825000.0,33.11123793,-117.13331339,4025.0,San Diego,True,5.0,,2020.0,5.0,Escondido,5.0,2025-02-10,2025-02-10,2025-02-10,True,2.0,,,False,2.0,92029,
False,False,2025-02-18,1157610.0,34.16338,-118.52875,2475.0,Los Angeles,True,2.0,0.1433,1950.0,2.0,Tarzana,4.0,2025-02-18,2025-02-18,2025-02-17,False,2.0,6241.0,2.0,False,2.0,91356,6241.0
True,False,2025-02-14,1395000.0,33.469196999999994,-117.635925,2248.0,Orange,True,2.0,0.0687,2000.0,3.0,San Clemente,3.0,2025-02-14,2025-01-13,2025-01-11,True,2.0,2992.0,0.0,False,2.0,92673,2992.0
False,False,2025-02-26,850000.0,34.24334,-118.516361,2820.0,Los Angeles,True,2.0,0.3306,1963.0,3.0,Northridge,4.0,2025-02-26,2025-02-18,2025-02-18,True,2.0,14399.0,1.0,False,2.0,91325,14399.0
True,False,2025-02-19,3400000.0,33.721013,-118.07153999999998,2074.0,Orange,True,10.0,0.1954,1963.0,3.0,Huntington Beach,3.0,2025-02-19,2025-01-29,2025-01-29,True,1.0,8512.0,3.0,False,4.0,92649,8512.0
False,False,2025-02-18,1400000.0,33.683657000000004,-118.004428,1970.0,Orange,True,2.0,0.0499,2002.0,3.0,Huntington Beach,3.0,2025-02-18,2025-02-18,2025-02-13,True,2.0,2175.0,0.0,False,2.0,92648,2175.0
False,True,2025-02-10,2000000.0,33.752894,-117.789643,2529.0,Orange,True,2.0,0.5670000000000001,1957.0,4.0,North Tustin,3.0,2025-02-10,2025-02-01,2025-01-20,True,1.0,24700.0,3.0,False,2.0,92705,24700.0
False,False,2025-02-27,957000.0,34.155765,-118.61786200000002,1820.0,Los Angeles,,2.0,0.2603,1965.0,2.0,Woodland Hills,3.0,2025-02-27,2025-02-18,2025-02-18,True,1.0,11340.0,,,2.0,91364,11340.0
True,True,2025-02-19,2300000.0,34.385179,-118.517253,3756.0,Los Angeles,False,4.0,0.4568,1955.0,6.0,Newhall,6.0,2025-02-19,2025-02-05,2025-02-05,True,1.0,19898.0,4.0,False,4.0,91321,19898.0
False,False,2025-02-24,570000.0,32.74582265,-117.06255148,780.0,San Diego,True,2.0,,1951.0,1.0,San Diego,2.0,2025-02-24,2025-02-17,2025-02-10,False,1.0,,,False,1.0,92115,
True,False,2025-02-26,1549625.0,33.619555,-117.57715,2400.0,Orange,True,4.0,0.1639,1979.0,3.0,Coto de Caza,4.0,2025-02-26,2025-02-10,2025-01-24,True,2.0,7140.0,0.0,False,2.0,92679,7140.0
True,False,2025-02-14,700000.0,34.27832,-118.452466,811.0,Los Angeles,True,1.0,0.1572,1951.0,1.0,San Fernando,2.0,2025-02-14,2025-01-22,2025-01-21,False,1.0,6846.0,2.0,False,1.0,91340,6846.0
True,,2025-02-18,1714530.0,37.59118594,-122.40850657,1880.0,San Mateo,True,1.0,0.1529,1964.0,4.0,Millbrae,5.0,2025-02-18,2025-02-17,2025-02-17,True,1.0,6659.0,,False,1.0,94030,6659.0
False,,2025-02-17,619000.0,36.3242396,-121.23552276,1588.0,Monterey,True,2.0,0.0976,2024.0,3.0,Greenfield,3.0,2025-02-17,2025-02-17,2025-02-17,False,1.0,4253.0,,False,2.0,93927,4253.0
False,,2025-02-20,2400000.0,37.35487,-121.97400897,1446.0,Santa Clara,True,2.0,0.1522,1956.0,2.0,Santa Clara,3.0,2025-02-20,2025-02-17,2025-02-17,True,1.0,6630.0,,False,2.0,95051,6630.0
True,False,2025-02-14,535000.0,35.75725999999999,-120.693734,1519.0,San Luis Obispo,True,2.0,0.1099,2003.0,2.0,San Miguel,4.0,2025-02-14,2025-01-17,2024-01-17,False,1.0,4789.0,4.0,False,2.0,93451,4789.0
False,False,2025-02-14,1118000.0,34.143002,-118.630059,2291.0,Los Angeles,True,2.0,0.1226,1976.0,3.0,Calabasas,4.0,2025-02-14,2025-02-14,2025-02-14,True,2.0,5340.0,1.0,False,2.0,91302,5340.0
True,False,2025-02-11,875000.0,33.853297999999995,-118.239443,2647.0,Los Angeles,True,2.0,0.136,1963.0,4.0,Carson,4.0,2025-02-11,2025-02-11,2025-02-11,True,2.0,5924.0,3.0,False,2.0,90746,5924.0
False,False,2025-02-28,800000.0,34.166835,-118.632517,1462.0,Los Angeles,False,2.0,0.2202,1946.0,2.0,Woodland Hills,3.0,2025-02-28,2025-02-15,2025-02-13,True,1.0,9594.0,3.0,False,2.0,91367,9594.0
True,,2025-02-24,4350000.0,36.5536964,-121.9217108,1794.0,Monterey,True,1.0,0.0918,1999.0,2.0,Carmel,3.0,2025-02-24,2025-02-15,2025-02-15,True,1.0,4000.0,,False,1.0,93921,4000.0
True,False,2025-02-15,2500000.0,37.64859271,-122.00725262,3961.0,Alameda,True,3.0,0.1761,2018.0,5.0,Hayward,5.0,2025-02-15,2025-02-15,2025-02-15,True,2.0,7669.0,,False,3.0,94542,7669.0
False,False,2025-02-14,2400000.0,37.21150853,-121.84322209,2209.0,Santa Clara,True,2.0,0.1848,1969.0,3.0,San Jose,4.0,2025-02-14,2025-02-15,2025-02-14,True,1.0,8050.0,,False,2.0,95120,8050.0
True,False,2025-02-25,2465000.0,33.455911,-117.65934,2100.0,Orange,True,2.0,0.1377,1969.0,2.0,Dana Point,3.0,2025-02-25,2025-02-04,2025-02-02,True,1.0,6000.0,3.0,False,2.0,92624,6000.0
False,,2025-02-27,5528000.0,37.55038549,-122.36853779,3358.0,San Mateo,False,2.0,0.6025,1955.0,3.0,Hillsborough,4.0,2025-02-27,2025-02-14,2025-02-14,True,1.0,26245.0,,False,0.0,94010,26245.0
False,False,2025-02-14,4050000.0,33.05711274,-117.1829664,3797.0,San Diego,True,6.0,,2003.0,6.0,Rancho Santa Fe,4.0,2025-02-14,2025-02-14,2025-02-14,True,2.0,,,False,3.0,92091,
,False,2025-02-27,345000.0,37.73702042,-121.43409177,715.0,San Joaquin,False,0.0,0.1148,1946.0,1.0,Tracy,2.0,2025-02-27,2025-02-18,2025-02-14,False,1.0,5000.0,,False,0.0,95376,5000.0
False,,2025-02-13,3003000.0,37.4129023,-122.14006883,1428.0,Santa Clara,True,2.0,0.1993,1953.0,1.0,Palo Alto,2.0,2025-02-13,2025-02-14,2025-02-13,True,1.0,8682.0,,False,2.0,94306,8682.0
True,,2025-02-14,3250000.0,34.100867,-118.378165,3011.0,Los Angeles,,2.0,0.1427,1961.0,4.0,Los Angeles,3.0,2025-02-14,2025-02-14,2025-02-14,True,1.0,6214.0,,False,2.0,90069,6214.0
True,,2025-02-14,1049000.0,36.62673019,-121.83341025,1720.0,Monterey,True,2.0,0.1109,2003.0,3.0,Seaside,3.0,2025-02-14,2025-02-14,2025-02-14,True,1.0,4831.0,,False,2.0,93955,4831.0
,False,2025-02-14,2450000.0,37.55571347,-121.95353028,1957.0,Alameda,True,2.0,0.1607,1967.0,2.0,Fremont,3.0,2025-02-14,2025-02-14,2025-02-14,True,1.0,7000.0,,False,2.0,94539,7000.0
False,,2025-02-14,1900000.0,37.31254004,-121.95840946,1120.0,Santa Clara,True,2.0,0.1822,1955.0,2.0,San Jose,3.0,2025-02-14,2025-02-02,2025-01-24,True,1.0,7935.0,,False,2.0,95117,7935.0
True,False,2025-02-14,1615000.0,33.692988,-117.900602,2696.0,Orange,True,3.0,0.1377,1984.0,3.0,Costa Mesa,4.0,2025-02-14,2025-02-14,2025-02-14,True,2.0,6000.0,0.0,False,3.0,92626,6000.0
,False,2025-02-16,1580000.0,37.50283196,-121.9306341,2163.0,Alameda,True,2.0,0.1793,1979.0,0.0,Fremont,0.0,2025-02-16,2025-02-15,2025-02-14,True,2.0,7812.0,,False,2.0,94539,7812.0
False,False,2025-02-24,1300000.0,32.90614888,-117.09375494,1811.0,San Diego,True,4.0,,1971.0,2.0,San Diego,3.0,2025-02-24,2025-02-10,2025-02-09,False,1.0,,,False,2.0,92131,
True,False,2025-02-14,330000.0,34.357352,-117.623663,882.0,San Bernardino,,0.0,0.1527,1959.0,1.0,Wrightwood,2.0,2025-02-14,2025-02-14,2025-02-13,True,1.0,6650.0,2.0,False,0.0,92397,6650.0
,False,2025-02-16,910000.0,37.90348917,-122.29208198,1628.0,Contra Costa,True,1.0,0.0918,1938.0,2.0,El Cerrito,3.0,2025-02-16,2025-02-15,2025-02-14,True,1.0,4000.0,,False,1.0,94530,4000.0
,False,2025-02-14,1188000.0,37.332261,-121.93981039,806.0,Santa Clara,True,2.0,0.1624,1950.0,1.0,San Jose,2.0,2025-02-14,2025-02-14,2025-02-14,True,1.0,7076.0,,False,2.0,95128,7076.0
True,False,2025-02-14,474000.0,34.836969,-119.15806,2950.0,Kern,,0.0,0.2402,1992.0,3.0,Pine Mountain Club,3.0,2025-02-14,2025-02-14,2025-02-10,True,2.0,10463.0,2.0,False,0.0,93222,10463.0
True,False,2025-02-04,1960215.0,35.163499,-120.684469,1815.0,San Luis Obispo,True,2.0,0.1358,2024.0,3.0,Pismo Beach,3.0,2025-02-04,2024-04-22,2024-04-22,True,2.0,5914.0,2.0,True,2.0,93449,5914.0
False,False,2025-02-14,2400000.0,33.03793217,-117.26666045,2613.0,San Diego,True,4.0,,1978.0,3.0,Encinitas,4.0,2025-02-14,2025-02-14,2024-12-06,False,2.0,,,False,2.0,92024,
False,False,2025-02-21,325000.0,33.909758000000004,-118.225284,490.0,Los Angeles,,0.0,0.1894,1921.0,1.0,Compton,1.0,2025-02-21,2025-02-18,2025-02-14,False,1.0,8251.0,1.0,False,0.0,90222,8251.0
False,False,2025-02-14,1470000.0,34.180923,-118.326658,2073.0,Los Angeles,,2.0,0.1348,1947.0,3.0,Burbank,3.0,2025-02-14,2025-01-26,2024-12-20,True,1.0,5872.0,,False,2.0,91506,5872.0
False,False,2025-02-14,675000.0,33.968807,-118.323455,1119.0,Los Angeles,True,2.0,0.1535,1925.0,1.0,Inglewood,3.0,2025-02-14,2025-02-14,2025-02-12,False,1.0,6688.0,3.0,False,2.0,90305,6688.0
True,False,2025-02-19,1100000.0,33.81169000000001,-117.820685,2020.0,Orange,True,2.0,0.1699,1964.0,2.0,Orange,3.0,2025-02-19,2025-02-13,2025-02-12,True,1.0,7400.0,3.0,False,2.0,92867,7400.0
True,True,2025-02-11,2000000.0,34.149308000000005,-117.758428,4845.0,Los Angeles,True,4.0,0.2413,1997.0,4.0,La Verne,5.0,2025-02-11,2025-02-11,2025-02-11,True,2.0,10512.0,1.0,False,4.0,91750,10512.0
False,False,2025-02-13,1200000.0,34.196152000000005,-118.882178,2383.0,Ventura,,2.0,0.28,1962.0,3.0,Thousand Oaks,4.0,2025-02-13,2025-02-05,2025-02-13,True,1.0,12196.0,,,2.0,91360,12196.0
True,True,2025-02-20,2500000.0,33.686316,-117.931996,2594.0,Orange,False,2.0,0.2211,1962.0,3.0,Costa Mesa,4.0,2025-02-20,2025-02-13,2025-02-13,True,1.0,9632.0,4.0,False,2.0,92626,9632.0
False,,2025-02-13,900000.0,36.82574987,-121.36886686,2790.0,San Benito,True,3.0,0.1366,2023.0,3.0,Hollister,5.0,2025-02-13,2025-02-13,2025-02-13,False,1.0,5951.0,,False,3.0,95023,5951.0
True,True,2025-02-13,1100000.0,33.719837,-116.357829,2936.0,Riverside,True,3.0,0.28,1988.0,3.0,Indian Wells,3.0,2025-02-13,2025-02-13,2025-02-13,True,1.0,12196.0,,False,3.0,92210,12196.0
False,False,2025-02-07,993500.0,32.82687902,-117.18255237,1974.0,San Diego,,1.0,0.1423,1962.0,2.0,San Diego,5.0,2025-02-07,2025-02-07,2025-02-07,False,1.0,6200.0,,False,1.0,92117,6200.0
False,,2025-02-28,3400000.0,37.46334765,-122.2307723,4377.0,San Mateo,False,0.0,0.1886,1927.0,5.0,Redwood City,6.0,2025-02-28,2025-02-25,2025-02-13,False,1.0,8214.0,,False,0.0,94061,8214.0
False,False,2025-02-26,1350000.0,34.139703000000004,-118.094997,1755.0,Los Angeles,False,1.0,0.1847,1953.0,2.0,Pasadena,3.0,2025-02-26,2025-02-21,2025-02-13,True,1.0,8046.0,,,1.0,91107,8046.0
True,False,2025-02-21,550000.0,34.239176,-117.267417,2054.0,San Bernardino,True,6.0,0.2043,1988.0,3.0,Crestline,3.0,2025-02-21,2025-01-24,2024-09-24,True,1.0,8900.0,0.0,False,2.0,92325,8900.0
False,False,2025-02-26,290000.0,37.124447,-120.26323,1511.0,Madera,True,1.0,0.17,1961.0,2.0,Chowchilla,3.0,2025-02-26,2025-02-14,2025-02-13,True,1.0,7405.0,3.0,False,1.0,93610,7405.0
False,False,2025-02-13,4050000.0,33.631947,-117.895514,2634.0,Orange,True,2.0,0.2013,1964.0,3.0,Newport Beach,3.0,2025-02-13,2025-01-11,2025-01-06,True,1.0,8769.0,3.0,False,2.0,92660,8769.0
True,False,2025-02-28,340000.0,37.3453,-120.591412,1047.0,Merced,True,2.0,0.1929,1959.0,1.0,Atwater,2.0,2025-02-28,2025-02-16,2025-02-11,False,1.0,8403.0,2.0,False,2.0,95301,8403.0
,False,2025-02-26,1320000.0,37.52080117,-121.97717761,1097.0,Alameda,True,1.0,0.1522,1962.0,2.0,Fremont,3.0,2025-02-26,2025-02-18,2025-02-13,True,1.0,6630.0,,False,1.0,94538,6630.0
False,False,2025-02-14,600000.0,33.988409000000004,-117.375883,1218.0,Riverside,,0.0,0.19,1911.0,2.0,Riverside,3.0,2025-02-14,2025-02-12,2025-02-12,True,2.0,8276.0,1.0,False,0.0,92501,8276.0
False,,2025-02-18,1188888.0,37.74727668,-122.44754516,1078.0,San Francisco,True,1.0,0.0564,1951.0,1.0,San Francisco,3.0,2025-02-18,2025-02-12,2025-02-12,False,1.0,2456.0,,False,1.0,94131,2456.0
True,True,2025-02-12,5650000.0,33.688186,-116.395686,5553.0,Riverside,True,3.5,0.4847,2007.0,8.0,Palm Desert,4.0,2025-02-12,2025-02-12,2025-02-11,True,1.0,21113.0,,False,3.5,92260,21113.0
True,False,2025-02-11,725000.0,32.758345,-117.033901,1056.0,San Diego,True,2.0,0.1722,1953.0,2.0,La Mesa,3.0,2025-02-11,2025-01-23,2024-10-31,False,1.0,7500.0,,,2.0,91941,7500.0
False,,2025-02-12,1245000.0,36.81316944,-121.35277994,2915.0,San Benito,True,3.0,0.4309,2000.0,3.0,Hollister,4.0,2025-02-12,2025-02-12,2025-02-12,True,1.0,18770.0,,False,3.0,95023,18770.0
False,,2025-02-24,1750000.0,37.34527720000001,-121.79299617,1739.0,Santa Clara,True,2.0,0.1736,1982.0,2.0,San Jose,3.0,2025-02-24,2025-02-17,2025-02-12,True,1.0,7560.0,,False,2.0,95148,7560.0
False,False,2025-02-11,4950000.0,32.81930687,-117.27151636,4544.0,San Diego,True,3.0,0.2112,1947.0,5.0,La Jolla,5.0,2025-02-11,2025-01-13,2025-01-03,False,2.0,9200.0,,False,1.0,92037,9200.0
True,,2025-02-26,1300000.0,37.34006851,-121.86835406,1923.0,Santa Clara,True,2.0,0.1492,2001.0,3.0,San Jose,3.0,2025-02-26,2025-02-20,2025-02-12,False,1.0,6500.0,,False,2.0,95116,6500.0
True,True,2025-02-12,667490.0,33.671385,-116.230476,1847.0,Riverside,True,4.0,0.127,2024.0,2.0,Indio,2.0,2025-02-12,2025-02-12,2025-02-10,False,1.0,5532.0,,False,2.0,92201,5532.0
False,,2025-02-26,1990000.0,37.2790212,-121.90843516,1678.0,Santa Clara,True,2.0,0.1449,1961.0,3.0,San Jose,4.0,2025-02-26,2025-02-20,2025-02-12,True,1.0,6313.0,,False,2.0,95125,6313.0
False,False,2025-02-28,1010000.0,32.822866,-117.200494,1658.0,San Diego,True,2.0,0.1286,1961.0,2.0,San Diego,3.0,2025-02-28,2025-02-16,2025-02-12,False,1.0,5600.0,,,2.0,92117,5600.0
False,,2025-02-26,1385000.0,37.2962396,-121.8181639,1381.0,Santa Clara,True,2.0,0.1405,1970.0,2.0,San Jose,3.0,2025-02-26,2025-02-20,2025-02-11,True,1.0,6120.0,,False,2.0,95121,6120.0
False,True,2025-02-18,435000.0,33.732139000000004,-116.321526,1400.0,Riverside,True,2.0,0.14,1978.0,2.0,Palm Desert,3.0,2025-02-18,2025-02-12,2025-02-11,False,1.0,6098.0,1.0,False,2.0,92211,6098.0
True,False,2025-02-11,1460000.0,34.190019,-118.293376,1534.0,Los Angeles,False,2.0,0.1722,1937.0,2.0,Burbank,4.0,2025-02-11,2025-02-11,2025-02-11,True,1.0,7500.0,3.0,False,2.0,91501,7500.0
True,False,2025-02-11,1190000.0,34.225803000000006,-118.652361,3913.0,Los Angeles,True,4.0,0.322,2005.0,6.0,West Hills,5.0,2025-02-11,2025-02-11,2025-02-10,True,2.0,14025.0,1.0,False,4.0,91304,14025.0
True,False,2025-02-11,1308000.0,33.474614,-117.61758600000002,1629.0,Orange,True,2.0,0.0871,2001.0,3.0,San Clemente,3.0,2025-02-11,2025-01-15,2025-01-15,True,2.0,3793.0,1.0,False,2.0,92673,3793.0
False,False,2025-02-21,1100000.0,34.15996,-118.341117,1396.0,Los Angeles,False,2.0,0.1369,1947.0,2.0,Burbank,4.0,2025-02-21,2025-02-11,2025-01-20,True,1.0,5965.0,1.0,False,2.0,91505,5965.0
False,False,2025-02-10,2425000.0,32.72581105,-117.25024814,3508.0,San Diego,False,6.0,0.1928,1973.0,4.0,San Diego,4.0,2025-02-10,2025-01-26,2025-01-09,False,1.0,8400.0,,False,2.0,92107,8400.0
True,False,2025-02-11,1068811.0,32.77557901,-117.25178157,1152.0,San Diego,,2.0,,1902.0,2.0,San Diego,3.0,2025-02-11,2025-02-11,2025-02-11,True,1.0,,,False,0.0,92109,
False,False,2025-02-11,450000.0,34.053414000000004,-118.088685,1294.0,Los Angeles,True,1.0,0.1851,1947.0,2.0,Rosemead,4.0,2025-02-11,2025-02-11,2025-02-11,False,1.0,8061.0,4.0,False,1.0,91770,8061.0
True,False,2025-02-11,1900000.0,34.135504,-118.411707,2930.0,Los Angeles,True,2.0,0.091,1969.0,3.0,Studio City,3.0,2025-02-11,2024-12-24,2024-06-05,True,2.0,3965.0,0.0,False,2.0,91604,3965.0
False,False,2025-02-10,2000000.0,32.6959303,-117.1805747,1330.0,San Diego,False,3.0,,1944.0,2.0,Coronado,3.0,2025-02-10,2025-01-18,2025-01-14,False,1.0,,,False,1.0,92118,
False,False,2025-02-06,2500000.0,34.114268,-118.259343,2040.0,Los Angeles,,0.0,0.1551,1926.0,2.0,Los Angeles,3.0,2025-02-06,2025-02-06,2025-02-06,True,1.0,6755.0,,False,0.0,90039,6755.0
True,True,2025-02-10,1590000.0,33.600667,-117.738902,1746.0,Orange,True,2.0,0.0976,1994.0,3.0,Aliso Viejo,3.0,2025-02-10,2025-02-03,2025-02-02,True,2.0,4250.0,2.0,False,2.0,92656,4250.0
True,False,2025-02-10,1450000.0,34.110178999999995,-117.618622,3589.0,San Bernardino,True,2.0,0.3788,2000.0,3.0,Rancho Cucamonga,3.0,2025-02-10,2024-12-09,2024-12-09,True,1.0,16500.0,3.0,False,2.0,91730,16500.0
,False,2025-02-27,1825000.0,37.76686405,-122.26267931,1553.0,Alameda,True,2.0,0.1508,1960.0,2.0,Alameda,3.0,2025-02-27,2025-02-18,2025-02-18,True,1.0,6570.0,,False,0.0,94501,6570.0
,False,2025-02-26,660000.0,37.890546,-121.58941625,1992.0,Contra Costa,True,2.0,0.1286,1991.0,3.0,Discovery Bay,3.0,2025-02-26,2025-02-20,2025-02-12,False,2.0,5600.0,,False,2.0,94505,5600.0
True,False,2025-02-02,1925000.0,34.112374,-118.27884,2288.0,Los Angeles,True,2.0,0.1764,1936.0,3.0,Los Angeles,4.0,2025-02-02,2025-02-02,2025-02-02,True,2.0,7685.0,,False,2.0,90027,7685.0
,False,2025-02-10,360000.0,37.778195,-122.2037985,808.0,Alameda,True,1.0,0.0574,1926.0,1.0,Oakland,1.0,2025-02-10,2025-02-10,2025-02-10,True,1.0,2500.0,,False,1.0,94601,2500.0
True,False,2025-02-28,2115000.0,37.8189933,-121.96895471,3020.0,Contra Costa,True,3.0,0.2456,1995.0,3.0,Danville,4.0,2025-02-28,2025-02-18,2025-02-13,True,1.0,10700.0,,False,3.0,94526,10700.0
False,False,2025-02-07,735000.0,33.850072,-118.002644,1087.0,Orange,True,2.0,0.0758,1970.0,2.0,Buena Park,2.0,2025-02-07,2024-11-09,2024-11-09,True,1.0,3300.0,1.0,False,2.0,90620,3300.0
True,False,2025-02-25,815000.0,32.69694489,-117.06118561,1629.0,San Diego,True,4.0,,1979.0,2.0,San Diego,4.0,2025-02-25,2025-02-14,2025-02-10,True,1.0,,,False,2.0,92114,
True,False,2025-02-10,2325000.0,34.052559,-118.39935,1824.0,Los Angeles,,0.0,0.1241,1946.0,3.0,Los Angeles,3.0,2025-02-10,2025-02-07,2025-01-09,True,1.0,5405.0,,False,0.0,90035,5405.0
False,,2025-02-25,4900000.0,34.053455,-118.496889,2616.0,Los Angeles,,2.0,0.193,1954.0,4.0,Los Angeles,4.0,2025-02-25,2025-02-12,2025-03-27,True,1.0,8407.0,,False,2.0,90049,8407.0
False,,2025-02-28,1550000.0,37.57584506,-122.32629626,1430.0,San Mateo,True,2.0,0.1481,1938.0,2.0,San Mateo,3.0,2025-02-28,2025-02-14,2025-02-10,True,1.0,6450.0,,False,2.0,94401,6450.0
False,False,2025-02-28,2550000.0,32.93176607,-117.20414226,2597.0,San Diego,,5.0,,2000.0,3.0,San Diego,4.0,2025-02-28,2025-02-18,2025-02-10,True,2.0,,,False,3.0,92130,
,False,2025-02-27,690000.0,37.96217347,-121.99607844,1207.0,Contra Costa,True,1.0,0.1263,1954.0,2.0,Concord,3.0,2025-02-27,2025-02-19,2025-02-10,True,2.0,5500.0,,False,1.0,94521,5500.0
False,,2025-02-24,4100000.0,37.28832915,-121.79576417,4639.0,Santa Clara,True,3.0,0.2432,2003.0,5.0,San Jose,5.0,2025-02-24,2025-02-20,2025-02-09,True,1.0,10595.0,,False,3.0,95138,10595.0
True,,2025-02-27,7800000.0,37.46453414,-122.21262566,2440.0,San Mateo,False,2.0,1.0003,1940.0,2.0,Atherton,3.0,2025-02-27,2025-02-20,2025-02-09,True,1.0,43575.0,,False,2.0,94027,43575.0
False,False,2025-02-21,855000.0,34.24187,-118.495128,1837.0,Los Angeles,True,2.0,0.1737,1957.0,2.0,Northridge,3.0,2025-02-21,2025-02-17,2025-02-09,True,1.0,7568.0,3.0,False,2.0,91343,7568.0
True,False,2025-02-21,1350000.0,33.917617,-118.374152,1682.0,Los Angeles,True,2.0,0.1181,1950.0,2.0,Hawthorne,4.0,2025-02-21,2025-02-09,2025-02-07,True,1.0,5143.0,4.0,False,2.0,90250,5143.0
True,False,2025-02-09,600000.0,37.17064600000001,-119.778336,2100.0,Madera,True,2.0,6.39,2024.0,3.0,Coarsegold,3.0,2025-02-09,2025-02-02,2025-01-16,False,1.0,6.39,3.0,False,2.0,93644,278348.4
True,False,2025-02-28,585000.0,33.690397,-117.120889,2042.0,Riverside,True,6.0,0.1688,2021.0,2.0,Winchester,3.0,2025-02-28,2025-02-10,2025-02-08,False,1.0,7353.0,3.0,False,2.0,92596,7353.0
,False,2025-02-26,1150000.0,37.34997542,-121.876831,1064.0,Santa Clara,True,2.0,0.1291,1920.0,1.0,San Jose,2.0,2025-02-26,2025-02-11,2025-02-08,True,1.0,5625.0,,False,2.0,95112,5625.0
True,True,2025-02-08,4600000.0,33.519148,-117.717191,5036.0,Orange,True,9.0,0.3702,1971.0,6.0,Laguna Niguel,4.0,2025-02-08,2025-02-08,2025-02-08,True,2.0,16128.0,3.0,False,3.0,92677,16128.0
False,,2025-02-24,7850000.0,37.3804377,-122.16581795,5942.0,Santa Clara,True,3.0,2.68,2004.0,6.0,Los Altos Hills,5.0,2025-02-24,2025-02-08,2025-02-08,True,1.0,116740.0,,False,3.0,94022,116740.0
,False,2025-02-07,2185000.0,37.87145121,-122.13084929,2802.0,Contra Costa,True,3.0,0.5293,1974.0,3.0,Moraga,6.0,2025-02-07,2025-02-07,2025-02-07,True,2.0,23055.0,,False,3.0,94556,23055.0
True,False,2025-02-05,1850000.0,34.241464,-116.960314,4564.0,San Bernardino,,6.0,0.2479,2005.0,4.0,Big Bear,5.0,2025-02-05,2025-02-03,2025-01-09,True,1.0,10800.0,,False,2.0,92315,10800.0
False,False,2025-02-06,2150000.0,33.970946999999995,-118.071568,8200.0,Los Angeles,,0.0,0.3777,1959.0,12.0,Whittier,15.0,2025-02-06,2025-02-06,2025-02-06,False,2.0,16451.0,,False,0.0,90606,16451.0
False,False,2025-02-06,730000.0,33.18489977,-117.24435452,1171.0,San Diego,,4.0,0.2592,1959.0,2.0,Vista,2.0,2025-02-06,2025-02-06,2025-02-06,True,1.0,11292.0,,False,2.0,92081,11292.0
